firstname,lastname,country,age
Maura,Childe,Portugal,76
Stephanie,Eustace,France,86
Ky,Harmond,France,96
Jyoti,Prosh,Portugal,62
Ted,Bruster,Italy,40
Dalston,Copplestone,France,
Jaine,Jopson,Spain,93
Sergio,Sember,Portugal,66
Lucian,Chaffin,Sweden,
Brocky,Astill,Germany,73
Tymon,Ors,Portugal,66
Derk,McCumskay,Slovenia,37
Phineas,Stannislawski,Portugal,
Margot,Bolstridge,Slovenia,35
Clementina,Heam,Portugal,40
Dolli,Wallsam,Portugal,84
Fredia,Trays,France,
Amery,Creavan,Portugal,43
Gussy,Roller,Albania,35
Kial,Piatkow,Portugal,99
Blisse,Ohms,Spain,
Cosetta,Rishworth,Sweden,28
Amy,Digan,Sweden,62
Francklyn,Biggen,Portugal,68
Gawen,Nuton,Portugal,30
Blancha,Filchakov,Portugal,93
Glenden,Harverson,France,92
Alyson,Clench,Germany,31
Luther,Ashenhurst,France,23
Sterne,Macklam,France,23
Jacinda,Cawte,Portugal,93
Alyssa,Halliberton,France,68
Nicolina,Fairholme,France,26
Osborn,Scheffel,Sweden,101
Cristobal,Ramsby,Albania,77
Darell,Burdytt,Sweden,
Marylinda,Gemelli,Spain,63
Casey,McAllister,Germany,74
Dominic,Whiteway,France,61
Denys,Reichelt,Albania,28
Estele,Gallehock,Albania,85
Shane,Lyvon,Netherlands,
Ailey,Lorenzin,Portugal,101
Deni,Lett,Portugal,38
Lenora,Geaveny,Sweden,67
Kathye,McCutheon,France,102
Christophorus,De Gregoli,Portugal,68
Twyla,Mabbe,Italy,26
Frannie,Darth,Germany,36
Alphonso,Rew,Sweden,106
Harriett,Flori,France,31
Sammie,Coleman,Portugal,70
Thaxter,Yielding,Portugal,106
Ibby,Ragate,France,69
Goldy,Seggie,Portugal,25
Bunnie,Zottoli,Portugal,49
Irwinn,Wyleman,Portugal,86
Cad,Thurborn,France,48
Berna,Eddy,Portugal,77
Mata,Falla,Portugal,29
Othilia,MacMechan,France,87
Ignacio,Newens,Sweden,26
Sherry,Spellworth,Sweden,95
Aharon,Graundisson,Slovenia,53
Tamarah,Dormon,Portugal,97
Jervis,Minette,Sweden,24
Henry,Townes,Portugal,32
Amelita,Simoens,Portugal,26
Pearle,Davinet,Germany,88
Sibbie,Singleton,Portugal,55
Padraig,Petre,France,71
Paige,Brockley,France,66
Brion,MacGilmartin,Sweden,88
Maurizio,Lawles,France,28
Merrick,Refford,France,87
Manfred,Theobalds,France,54
Petrina,Marlow,France,97
Euphemia,Lidbetter,Portugal,59
Gris,Oxford,Portugal,69
Tony,Heinritz,Germany,23
Rori,Birtonshaw,France,70
Cary,Stockings,Albania,76
Fabian,L'Episcopi,France,53
Edwin,Newbold,France,26
Carmelita,Fuge,Portugal,102
Katie,Scutter,Portugal,76
Genovera,Tothe,Sweden,102
Scottie,Orchard,Portugal,43
Babs,Trimnell,Portugal,57
Basile,Greader,Sweden,45
Jaimie,Cater,Sweden,91
Quincy,Casterot,Portugal,58
Angelia,Showte,Portugal,92
Lonnard,Ayer,France,85
Benjy,Pritchitt,France,95
Kendre,Bradbeer,Albania,84
Thedrick,Scallan,France,97
Dion,Jelkes,Slovenia,62
Abbey,Conibeer,France,85
Maybelle,Mourbey,Moldova,54
Isidor,Iddison,Portugal,95
Danielle,Storms,France,33
Beryl,McTaggart,Sweden,72
Meryl,Chivers,France,
Parsifal,Allkins,Sweden,107
Faye,Mapam,France,101
Archibaldo,Blanchet,Portugal,23
Armando,Brixey,France,83
Wiley,Goldby,Sweden,
Andonis,Snasdell,France,81
Nye,Boffin,Sweden,61
Clive,Wackley,Sweden,51
Eachelle,La Rosa,France,43
Cass,Coles,Sweden,34
Mirabella,Ibbitt,Portugal,56
Clayborne,Oldman,France,62
Albert,Fligg,Portugal,87
Gabbie,Landers,Portugal,100
Darya,Hovie,Netherlands,56
Raynell,Rowlin,Sweden,46
Rad,Yukhtin,Portugal,72
Corabella,Seebright,Portugal,
Jeanna,Lygoe,Portugal,91
Westbrooke,March,Portugal,79
Carlita,Jeness,France,106
Brandie,Usborn,Sweden,53
Hamish,Boulds,Moldova,51
Colette,Bearfoot,Netherlands,103
Lew,Gann,Sweden,26
Tiebout,Tedder,Portugal,98
Del,Nesey,Sweden,53
Alasteir,Petzolt,Portugal,79
Con,Nulty,France,68
Whittaker,Rosser,Portugal,60
De witt,Leppington,France,99
Tonia,McLurg,Estonia,85
Krissy,Van Waadenburg,France,101
Fae,Sellors,France,64
Donovan,Dangerfield,Austria,42
Codie,Dandy,Portugal,25
Rita,Corzon,Sweden,90
Marigold,Corzon,France,46
Olenolin,Gaule,Portugal,99
Emelda,Gerrill,Estonia,42
Charlena,Leghorn,Portugal,48
Lillian,Chastan,France,90
Anthea,Paddington,France,43
Winny,Chasmer,Portugal,95
Averil,Skynner,Germany,68
Hewie,Messer,Portugal,22
Cchaddie,Craiker,Portugal,65
Robin,Alliker,Sweden,83
Yuma,Aykroyd,Sweden,78
Rhetta,Olenchikov,Portugal,107
Rem,Baldi,France,64
Elaina,Trowl,Sweden,90
Grantley,Scammonden,Portugal,51
Dulci,Lavies,France,49
Terence,Lowles,Spain,24
Leonhard,Tomaszczyk,Portugal,61
Saxon,Baurerich,Portugal,55
Erma,Scathard,Albania,
Federico,Armstrong,Portugal,94
Karlee,Bradbury,Sweden,93
Abbi,Wise,Germany,79
Jephthah,Mungham,Sweden,47
Happy,Jurgenson,Sweden,
Maisie,Stoop,France,67
Deloris,Skotcher,Portugal,25
Kizzie,Buckles,France,61
Esmaria,Shales,Sweden,82
Lyndsey,Kibbe,Germany,99
Reynolds,Kleiser,Sweden,92
Nicolea,Shinton,Sweden,44
Belinda,Sedgemond,Germany,55
Cicely,Elcott,Portugal,106
Florenza,Aldin,Sweden,102
Nesta,Harrold,Sweden,60
Christa,Blackford,France,65
Mireille,Cardis,Portugal,103
Carolus,Wyldbore,Sweden,70
Jayme,Paynes,France,38
Neala,Montfort,France,43
Alon,Andreichik,Portugal,81
Tracy,Bouette,France,76
Abbey,Ahrens,Portugal,96
Mellisa,Redbourn,France,48
Clarabelle,Drewett,Portugal,90
Michael,Fogden,Sweden,44
Percy,Franklin,Portugal,34
Chadd,Durbin,Spain,48
Merry,Kraft,Sweden,100
Saloma,Doerr,Portugal,85
Lynn,Basten,France,22
Solly,Tripett,Sweden,78
Leone,Cutchee,Portugal,71
Dunstan,Palleske,Portugal,37
Angelo,McCahey,Sweden,37
Vinnie,Jeffcoate,Albania,63
Currey,Lansley,France,26
Virgil,Wafer,France,42
Conny,Prigmore,France,
Wallace,Binyon,Spain,61
Katti,Spire,Germany,72
Alta,Ivanishchev,Albania,77
Monroe,Gaskoin,Sweden,100
Ignace,Candlish,France,
Phil,Riggeard,Portugal,80
Barbette,Cansdall,Moldova,
Leigha,Matteris,Sweden,103
Alison,Yetton,Portugal,38
Benedick,Reightley,Sweden,60
Russ,Levermore,France,23
Cinnamon,De Banke,Portugal,46
Gwynne,Racher,Portugal,78
Liesa,Rumsey,Sweden,47
Lyle,Kluge,Austria,78
Sorcha,Ivkovic,Netherlands,101
Broddy,Giovannardi,France,25
Farrand,Stains,Portugal,73
Stormie,Radmore,Slovenia,81
Zoe,Brandli,Portugal,58
Trueman,McBrearty,Sweden,38
Haleigh,Geldart,Portugal,58
Ivett,Rosbrough,Portugal,25
Evan,Hechlin,Sweden,46
Elissa,Kilbey,Sweden,37
Jaquenetta,Bonar,Portugal,22
Daniella,Brewett,Portugal,69
Garold,Frede,Germany,
Moria,Wickman,Portugal,43
Nina,O'Donoghue,Portugal,50
Silvain,Varndell,Slovenia,69
Bari,Wisbey,Portugal,102
Ulrica,Nucci,Netherlands,55
Thibaut,Vautrey,France,50
Lynda,Drewell,Slovenia,85
Randell,Moodie,Portugal,95
Thedrick,Burrett,Slovenia,104
Fifi,Duligall,France,69
Ansley,Brockway,Portugal,36
Davide,Bedding,France,51
Dallas,Darlow,Portugal,88
Francois,Markl,Albania,59
Arlene,Tideswell,Germany,48
Andria,Gritsaev,Portugal,37
Brooke,McCloud,Sweden,98
Trina,Vinau,Moldova,59
Bobby,Cornfoot,Portugal,55
Hailee,Drewe,France,41
Fae,Batchelor,Spain,40
Julita,Gubbins,France,71
Rickie,Nehlsen,Portugal,89
Ignazio,Blackaller,Slovenia,39
Sly,Iczokvitz,Portugal,41
Valina,Martt,France,45
Dell,Bloxsum,France,
Gerardo,Mattusevich,Sweden,69
Ulysses,Adacot,Portugal,90
Tildie,Forestall,France,65
Mavis,Horbath,Portugal,30
Daloris,Rowland,Portugal,101
Birgit,Attarge,Sweden,104
Lorens,Fozzard,Portugal,99
Ulrika,Huetson,Netherlands,69
Federica,Ryce,France,64
Nolan,Crouse,France,50
Thaine,McJury,France,55
Tedi,Selvester,Portugal,23
Yalonda,Burkwood,France,30
Hillie,Gert,Netherlands,86
Faydra,Oger,Portugal,62
Wernher,Iianon,Portugal,80
Marja,Swoffer,France,95
Mattie,Leigh,France,36
De witt,Heminsley,Slovenia,70
Moise,Hellwig,Portugal,35
Clyde,Jaksic,Sweden,71
Man,Pail,Portugal,63
Isidor,Pauly,France,75
Olenka,Priest,Portugal,29
Mollee,Featherston,France,76
Alberto,Perse,Portugal,31
Caesar,McDoual,Portugal,61
Fidelia,Grabham,France,105
Fae,Hainge,Portugal,24
Nap,Baldry,Sweden,60
Willey,Bovis,Sweden,90
Lynett,Druhan,France,96
Clarine,Pudsey,Albania,107
Darell,Sparrow,Portugal,56
Ange,Esp,Portugal,42
Ilse,Calladine,Moldova,103
Johnath,Aglione,France,54
Lulu,Philbin,Germany,63
Timothee,Fawke,Portugal,35
Merridie,Nelles,Portugal,84
Hermon,Willcock,Sweden,52
Nolan,Baldassi,Albania,55
Kerrie,Welford,Sweden,88
Dani,Rapa,Sweden,40
Sonnnie,Gellan,France,45
Caryn,Aimer,France,101
Verna,Addams,Portugal,54
Freda,Peaker,Portugal,89
Casey,Millett,Sweden,73
Ginnie,Filkov,Portugal,103
Kattie,Maro,Slovenia,44
Tam,Dyment,Sweden,23
Emylee,Christophersen,Portugal,31
Daniel,Evens,France,
Carilyn,Skermer,Portugal,24
Eb,O'Cahsedy,France,33
Baldwin,Mintoft,Albania,92
Drugi,Iacovides,Portugal,42
Alexandro,Hulle,France,106
Rodolfo,Hurkett,Sweden,53
Dario,Spilsted,Netherlands,45
Rochella,Hedling,France,52
Joana,Deerness,Portugal,37
Felizio,Carbert,France,90
Tremaine,Capelle,Netherlands,49
Ardis,Giercke,Netherlands,
Felita,Elias,Albania,58
Patty,Orro,Portugal,66
Jenica,Chilvers,Sweden,46
Talbot,Skehens,Sweden,80
Lenore,Durn,Sweden,23
Darcy,Rogeron,France,83
Adams,Lathee,France,61
Florry,Betz,France,84
Almeta,Aimable,Portugal,56
Jayme,Gauchier,Portugal,82
Quinton,Pattisson,Sweden,67
Koren,Annwyl,Sweden,27
Renato,Routhorn,France,38
Jeri,Darkin,France,94
Giavani,Harfleet,Moldova,105
Esma,Albiston,France,100
Gabriell,Martinolli,Albania,25
Erminie,Canet,Portugal,24
Parnell,Quemby,Sweden,33
Normy,Legges,Germany,33
Dermot,Inkster,Germany,69
Eada,Karet,France,23
Bunnie,Dorking,Portugal,51
Neville,Stegers,Portugal,97
Coretta,Manby,Sweden,77
Robin,Brew,Portugal,26
Devora,Coghill,Portugal,86
Moria,Porritt,Portugal,56
Lyn,Pillans,Portugal,71
Helli,Wordsworth,France,67
Ivan,Coggin,Portugal,38
Juliana,Ditts,Portugal,65
Joni,Lidington,France,74
Osborne,Rangle,Sweden,85
Alfy,Whettleton,Sweden,71
Charmine,Boshier,Portugal,28
Dyan,Ickovici,Sweden,59
Parsifal,Donan,Portugal,100
Raimund,Ropking,Portugal,107
Zelda,Savory,Portugal,49
Glynda,Butts,Portugal,74
Marco,Zeplin,Portugal,47
Donaugh,Kenney,France,103
Benn,Sambath,Germany,24
Desiree,Dreakin,Portugal,38
Lil,Dmytryk,Portugal,71
Shanna,Northcott,Spain,78
Tracie,Corgenvin,Sweden,26
Imelda,Bockmaster,Netherlands,95
Olympe,Naris,Sweden,88
Ingelbert,Muncer,Portugal,33
Iorgo,Newton,France,25
Leanna,Poor,Portugal,99
Gardie,Panas,France,33
Adelaida,Torr,France,69
Violet,Hawkeridge,Germany,84
Merla,Bann,Sweden,68
Kalli,Blazdell,Portugal,62
Shela,Bozward,France,61
Sara,Horsted,Portugal,95
Casey,Bampkin,Sweden,106
Denni,Vobes,France,60
Clerkclaude,Berthouloume,Sweden,85
Lotti,Askin,Sweden,86
Barri,Brownsill,Albania,36
Cathrine,Welfair,Portugal,96
Pier,McCaig,Spain,36
Broddie,Grover,Portugal,96
Fiorenze,Kleuer,Sweden,50
Yoshiko,Dressel,Portugal,52
Ragnar,Adnet,France,65
Arman,Thorns,France,70
Wesley,Oaker,Portugal,95
Conant,Crossan,Portugal,71
Phylis,Valentinuzzi,France,98
Thatcher,Mariel,Portugal,44
Janna,Esterbrook,France,76
Krissy,Hazeley,Slovenia,105
Zenia,Deinhard,Moldova,53
Kassie,Duquesnay,Portugal,44
Rosemaria,Thomann,Portugal,67
Kimberlyn,Gerran,Moldova,84
Corrianne,Wapplington,France,87
Corty,Colbourne,Sweden,98
Fredrick,Lorkin,Portugal,55
Dyane,Roper,France,78
Birgitta,Allonby,Germany,26
Eva,Madgwick,Sweden,22
Layney,Gunthorp,France,87
Bendite,Stocken,Portugal,80
Melantha,Sennett,Sweden,43
Shanon,Tideswell,Netherlands,64
Carolyne,Hatley,Portugal,53
Kailey,Dockree,France,64
Kerrill,Bernardt,France,103
Lalo,Georgi,Germany,62
Hanna,Tetla,Netherlands,94
Guinevere,Angel,France,80
Ingmar,Nowell,Portugal,
Dasya,Tipton,France,104
Sisile,Willows,Sweden,45
Elnore,Devon,Sweden,22
Aimil,Tiner,France,62
Lorrie,Efford,France,68
Bobby,Gemson,Slovenia,59
Hodge,Gillyatt,Portugal,56
Myer,Coggles,Germany,104
Jorry,Ruddock,Portugal,51
Lulu,Roskelly,France,25
Audrye,Culmer,France,60
Charlene,Ribou,France,33
Pernell,Halden,France,58
Silvana,Morson,Portugal,32
Filberto,Droghan,France,105
Ragnar,Petrello,France,41
Orelle,Eberst,France,
Jeannie,Leither,France,47
Esmeralda,Braybrooke,Portugal,102
Beckie,Brocklebank,Portugal,68
Batsheva,Lightowlers,Germany,25
Johannah,Radbourn,Portugal,30
Josephina,Sasser,France,65
Ange,Ciccone,France,59
Jerald,Atkyns,Sweden,31
Aleksandr,Wicken,Portugal,72
Tammie,Sturzaker,Sweden,47
Domeniga,Menary,Portugal,85
Dorelia,McSpirron,Portugal,84
Korrie,Ivanenkov,Sweden,65
Danila,Lowings,Portugal,34
Herc,Karppi,France,59
Maurise,Stronghill,Sweden,40
Daile,Haylett,Sweden,
Loretta,Allison,Slovenia,39
Darcy,Kinnerk,France,76
Reiko,Bourthouloume,France,72
Dru,Goundry,Albania,22
Danna,Courage,Portugal,74
Wilmar,Gunderson,Portugal,107
Johnathon,Flowith,France,107
Conrad,Dwyer,Netherlands,68
Leticia,MacAlaster,Portugal,96
Hayes,Nutbeem,Netherlands,34
Rabbi,Weston,Sweden,106
Lea,Ravenshear,Portugal,28
Georgette,Fend,France,82
Morena,Robroe,Spain,67
Rowan,McAlarney,Sweden,40
Yoko,Kimbley,Portugal,31
Ivar,MacSorley,France,43
Marchall,Lowre,Portugal,102
Robert,Ruffli,Portugal,90
Pattie,Feather,Sweden,
Lilia,Dorn,Albania,55
Caria,Tinan,Sweden,68
Britt,McNirlin,Sweden,40
Bea,Titcom,France,37
Alonzo,Fontelles,Sweden,52
Zitella,Cantillion,Sweden,96
Zulema,Daughton,Albania,74
Cobbie,Lieb,Sweden,29
Alric,Mouat,France,25
Hertha,Spread,France,76
Glenden,Gwyneth,Sweden,27
Erhard,Goretti,Portugal,100
Bari,Tongue,Albania,47
Sol,Mackie,Moldova,79
Emmey,Evins,Portugal,68
Jeane,Jurczik,France,79
Marrissa,Hulks,Sweden,50
Morgen,Rossbrook,Albania,49
Korry,McGerr,Sweden,79
Randal,Bunyan,Portugal,45
Jamison,Humbell,Netherlands,72
Janet,Dyott,Sweden,39
Myriam,Scandrett,France,22
Parrnell,Schaumann,Portugal,103
Leeann,Gurry,France,38
Lilyan,Broseman,France,32
Ephrem,Klees,Sweden,28
Hiram,Comford,Netherlands,105
Chlo,Grundy,Portugal,81
Tedi,Rumgay,Portugal,64
Valli,Clemenzo,Portugal,90
Arlie,Pyford,Estonia,71
Pauly,Boig,France,63
Feliks,Sibbe,Portugal,86
Sanders,Giraudat,Portugal,66
Jsandye,Wonter,Sweden,61
Patrick,Broomhall,Slovenia,56
Blakelee,McArd,France,30
Iver,Budd,Sweden,107
Lilly,Kerford,Sweden,72
Saxon,Oddie,Portugal,26
Paige,Ogilby,Italy,48
Kimberli,Bruneau,Portugal,52
Rhiamon,Betho,Slovenia,93
Bartlett,Kite,Portugal,77
Jacky,Standring,Portugal,51
Else,Carwithim,Portugal,88
Chiquia,Le Lievre,France,93
Virginie,Cuddon,Moldova,27
Sydelle,Mateiko,Albania,29
Renate,Patey,Portugal,27
Brittany,Cheevers,Portugal,96
Arther,McGaughay,Sweden,86
Rakel,Castillou,France,50
Dale,Robbey,Portugal,35
Karlik,Warriner,Portugal,49
Guillemette,Palphramand,Portugal,105
Rolando,Ginger,Portugal,41
Yardley,McDirmid,Sweden,33
Madalyn,Ferreira,Portugal,72
Benn,Connah,Netherlands,99
Kissee,Gianolo,Portugal,44
Ange,Perl,France,29
Consalve,McComas,Netherlands,105
Rolando,Hardwin,Portugal,103
Jenni,Rickaby,Slovenia,28
Urbano,Ducarne,France,47
Hugh,Storie,France,97
Lind,Kettlesing,Portugal,37
Ansel,Thresh,Netherlands,80
Rollie,Milsap,Portugal,29
Gasparo,Ochterlonie,Albania,49
Barth,Crosgrove,Sweden,71
Susanetta,Linsey,Spain,44
Belva,Schindler,Sweden,100
Humphrey,Wigan,France,87
Heriberto,Pettisall,Sweden,76
Viola,Dradey,France,40
Bella,Godier,France,82
Nowell,Yaneev,Portugal,102
Titus,Skillanders,Austria,30
Kerwin,Polotti,Portugal,58
Tedi,Lawlor,France,102
Jocelyn,Gilluley,Sweden,32
Anastasie,Watkiss,Portugal,67
Filippo,Taplin,Sweden,32
Marlow,Yerlett,France,30
Liam,Copcutt,Portugal,67
Erwin,Shercliff,France,31
Vinny,Skett,Sweden,45
Frederigo,Letten,Sweden,63
Terza,Abbes,Portugal,43
Stanislaw,Mattiussi,Sweden,25
Mair,Trillow,Netherlands,31
Corrianne,Wilkerson,Australia,81
Pietrek,Cokely,Netherlands,
Arvin,Gatcliff,Portugal,69
Darb,Demonge,Sweden,45
Jervis,Waldron,Switzerland,45
Tammy,Daniels,France,97
Robinetta,Eydel,Portugal,45
Goddart,Skypp,France,102
Nikita,Aspole,Sweden,24
Cynthea,McCalum,France,22
Irita,Dorot,Sweden,48
Dolph,Abyss,Sweden,57
Jessamyn,Mickleburgh,Portugal,85
Randy,Wadham,France,30
Bunnie,Playdon,Germany,78
Bert,Hanbury-Brown,Portugal,71
Katharyn,Klink,France,60
Gilberte,Waplington,Portugal,78
Isahella,Iglesias,Portugal,32
Jada,Tolputt,Portugal,65
Valene,Elliker,France,74
Taryn,Bukowski,Albania,48
Cal,Tegeller,Portugal,71
Una,Van Leeuwen,Spain,23
Gusty,Gonnin,Portugal,66
Fanya,Drust,Slovenia,29
Lancelot,Fleckno,France,49
Mufinella,Lundbech,Sweden,90
Nicky,Tredget,Portugal,74
Read,Franey,Slovenia,57
Patric,Lucia,Sweden,83
Nickolaus,Robun,Italy,86
Odey,Bigby,Sweden,42
Jarvis,Cloney,Portugal,28
Aguie,Garnsworth,Sweden,69
Dexter,Gouge,Sweden,61
Pip,Heeran,Sweden,46
Terrijo,Rainard,Portugal,82
Timoteo,Hallatt,Albania,77
Berthe,Clilverd,Portugal,31
Saxe,Shreve,Portugal,30
Yul,Trouel,France,51
Cristy,Gladebeck,Portugal,97
Simonne,Bennet,France,106
Jecho,Minister,France,92
Leeann,Kenryd,Netherlands,37
Karen,Waters,France,28
Ignacio,Brodbin,Sweden,91
Germain,Bryer,Sweden,64
Aurlie,Van der Beken,France,59
Laurette,Hehl,France,24
Alexandrina,Rustan,Sweden,71
Bliss,Bissell,Portugal,94
Deonne,Sandells,Portugal,35
Zachary,Tertre,France,76
Galvin,Nelmes,Portugal,52
Pyotr,Abdee,France,58
Marisa,Skilbeck,Germany,37
Kassia,Ilyinski,Portugal,88
Arabel,Negro,Slovenia,87
Evonne,Pottinger,France,70
Sandra,Bucky,France,52
Kyle,Eskriet,France,46
Crosby,Devas,Sweden,74
Gwen,Dalla,Portugal,105
Spencer,Pirrone,Sweden,40
Grete,Bratt,Germany,78
Pascale,Frewer,France,32
Raeann,Vaggs,Portugal,70
Frederique,Elner,Spain,35
Idell,Parsonson,France,38
Caroline,Gatty,Portugal,97
Ame,Mortell,Portugal,72
Celka,Vest,Spain,107
Damita,Bucher,Spain,70
Riobard,Durn,Germany,65
Joella,Steet,France,54
Yehudi,Briskey,Sweden,50
Matt,Laydel,Portugal,74
Fran,Thurstan,Portugal,82
Tabatha,Sommer,Portugal,89
Dominique,Mousby,Spain,54
Sorcha,Aubri,Spain,80
Izak,Dallas,Portugal,65
Valentino,Grishanov,Portugal,104
Augy,Carsey,Germany,40
Dolli,Ambrosch,Portugal,82
Nicole,Spiaggia,France,49
Freddy,Portch,Sweden,105
Terri,Linster,Sweden,78
Abeu,Willard,France,
Charlot,Giffard,Portugal,65
Rosamund,Brannon,France,35
Hubey,Paskins,Netherlands,37
Shelby,Mulford,France,71
Goldie,Valens-Smith,Portugal,57
Court,Masarrat,France,86
Jarid,Mountfort,Sweden,35
Barney,Selway,France,73
Noellyn,Runciman,Portugal,77
Mirabella,Hixley,Portugal,50
Tad,Elsop,Portugal,23
Feliks,Grevatt,Spain,96
Carla,Mourge,Sweden,33
Aurie,Branscomb,Portugal,45
Mitchell,Haliburn,France,76
Celestine,Stather,Germany,64
Brady,Gibbins,France,102
Dulciana,Mountlow,Germany,92
Dorene,Farnaby,Portugal,51
Trace,Ivetts,Portugal,
Denni,Ketcher,France,28
Baillie,Gisborne,Italy,96
Rosalind,Warder,Slovenia,
Josephine,Urquhart,Italy,71
Clement,Hamblett,France,56
Darleen,Duchart,France,50
Estevan,Varey,Portugal,107
Hew,Congram,Sweden,58
Kathye,Haggish,Sweden,74
Laverna,Pikhno,Portugal,48
Joelly,Lyle,France,83
Ingamar,Longhi,France,43
Oralla,Marden,Portugal,40
Selma,Jennery,Portugal,68
Benoit,Pelz,France,44
Merna,Denge,France,69
Christie,Dunsire,Sweden,82
Alethea,Fortie,Sweden,61
Elvis,Cardozo,France,34
Helge,Crimp,France,55
Helene,Anthon,Sweden,40
Kelley,Hubball,Sweden,93
Lizette,Begg,France,69
Madge,Janaud,Sweden,45
Massimo,Sterrick,Germany,25
Marleah,Attawell,France,64
Frazier,Widdocks,France,106
Rosina,Vallentin,Portugal,98
Efren,Cianelli,France,63
Paulie,Raithmill,Portugal,29
Loria,Agate,Portugal,101
Janis,Di Francecshi,Italy,89
Hedda,Feye,Sweden,37
Urson,Kennaird,Sweden,38
Rodger,Colisbe,Sweden,52
Rivi,Cowderoy,Sweden,68
Eugine,Colbertson,Albania,77
Bobby,Doerling,Sweden,42
Carr,Spinage,Portugal,22
Carma,Liddard,Portugal,47
Neysa,Titta,Portugal,103
Bunny,Jansey,Sweden,88
Teirtza,Cove,Portugal,63
Jard,Redbourn,France,87
Mackenzie,Sim,Sweden,70
Tann,MacGowan,France,54
Happy,Ludron,Portugal,70
Merilee,Muzzini,Sweden,62
Gaile,Conibear,Portugal,93
Atlante,Blackburn,France,40
Carly,Bruhnke,Portugal,
Illa,Campion,Portugal,64
Nelli,Berens,Portugal,70
Reinhold,Perkin,Sweden,57
Wanda,Lampe,Germany,38
Wynne,Carbett,France,45
Amandie,Tuffey,Spain,32
Joete,Dictus,Portugal,49
Bald,Reymers,Portugal,45
Artur,Duffin,France,23
Norris,Hilbourne,Spain,51
Jo,Lindell,France,73
Violette,Sobczak,Slovenia,46
Laurena,O'Dunneen,France,98
Rutherford,Kob,Sweden,40
Julia,Daviddi,Sweden,102
Miguela,Melesk,Sweden,87
Tammara,Bebbell,Albania,43
Dionysus,Runnalls,Portugal,61
Marys,Comberbach,Portugal,
Kristina,Clemo,Portugal,75
Elton,Alton,France,53
Norry,Braisher,Estonia,91
Kellsie,Maith,Slovenia,86
Willem,Pedroli,France,31
Cyrillus,Canario,Portugal,100
Lenci,Chaddock,France,107
Abigail,Bryenton,Albania,70
Harwell,Presdee,Portugal,78
Moria,Heynen,France,102
Pierrette,Gartery,France,75
Aila,Blaszczyk,France,60
Hurleigh,Pocklington,Netherlands,92
Nariko,Filyukov,France,90
Daryle,Tucknott,Netherlands,100
Ninon,Phelp,Portugal,68
Ebeneser,Carnall,France,82
Adelaide,Clayal,Sweden,32
Philbert,Melsome,France,47
Ethelyn,Cluney,France,69
Prince,Showers,Sweden,34
Corabella,Vanin,Spain,86
Corina,Costellow,Sweden,85
Chiarra,Dunthorn,Portugal,92
Kariotta,Agglione,France,76
Modestia,Anten,Portugal,53
Welsh,O'Glessane,Portugal,24
Les,Stivers,Australia,32
Brew,Jirasek,Netherlands,79
Errol,Schwand,Portugal,98
Evelin,Latham,Spain,98
Worthy,Fogt,Portugal,95
Rab,Winteringham,Sweden,44
Roddie,Pittel,France,29
Tracie,Ohanessian,Portugal,40
Katlin,Bather,Slovenia,94
Demetra,Whitfield,France,29
Annamarie,Screach,France,82
Sidonia,Regina,Portugal,84
Lukas,Lansdale,France,63
Amitie,Fincken,France,87
Clotilda,Kirton,Moldova,91
Fabe,Androletti,France,95
Paola,Sleightholme,France,24
Bea,Hallett,France,65
Bo,Franzman,Sweden,57
Elfrieda,Edmands,Portugal,40
Lita,Glasspool,Sweden,31
Heidi,McGruar,Slovenia,61
Hamil,Fawloe,Sweden,105
Harmonia,Hebbs,Portugal,98
Iorgos,Davies,Portugal,93
Ellen,Dunston,Sweden,
Salvidor,Elijah,Portugal,102
Dick,Dundon,France,94
Wylma,Bott,Sweden,96
Schuyler,Mangion,Portugal,74
Erin,Pickett,Portugal,
Tabbie,Roly,Portugal,100
Lucia,Leber,France,45
Devina,Steward,Portugal,92
Corinna,Oganesian,Sweden,89
Nixie,Rolf,France,51
Gabriell,Jizhaki,Sweden,59
Berte,Sket,Sweden,100
Rubina,Caines,Sweden,47
Minni,Warland,Portugal,40
Winna,Paolino,Portugal,55
Mercie,Benedetti,Portugal,86
Miles,Belliveau,Portugal,104
Goldy,Feirn,Portugal,96
Leona,De Souza,Slovenia,34
Vera,Brunotti,France,93
Rochelle,Tailby,France,97
Raphaela,Bleesing,Portugal,64
Dominic,Toler,Portugal,80
Laurianne,Mockett,France,81
Andy,Faldoe,Sweden,56
Quincey,Cassel,Portugal,75
Kerry,Petruska,Sweden,83
Jorgan,Scherme,Slovenia,60
Anselm,Yearnes,Sweden,41
Edwina,Cade,Sweden,56
Liva,Drable,France,82
Travis,Wimlet,Sweden,31
Kare,Ivel,France,48
Daune,Seven,Netherlands,46
Gherardo,Reiners,Portugal,99
Mamie,Castano,Portugal,42
Aldo,Chatwood,Portugal,34
Munmro,Piddle,France,46
Carey,Ende,Portugal,34
Crawford,Cosans,Moldova,81
Claire,Mossop,Spain,74
Marena,Staddon,Albania,90
Glenden,Rubinowitch,Sweden,87
Shoshana,Kesey,Sweden,26
Casi,Kehri,Sweden,38
Bev,Seedman,Portugal,104
Emmit,Elcock,France,92
Gwenny,Davidovics,France,41
Albertina,Grundell,France,58
Sergeant,Glasheen,Sweden,71
Kristan,Bright,Portugal,22
Nelia,Gane,Sweden,46
Ellie,Heaney`,France,80
Joann,Verbeek,Portugal,65
Jeramie,Trevear,Portugal,
Shaw,Pulman,Slovenia,56
Bobbette,Renn,Sweden,
Hadley,Sugden,France,53
Shandie,Ricardet,France,46
Valaria,Simeon,Spain,46
Mano,Jiracek,Albania,79
Kipp,Durkin,Sweden,60
Boycey,Grimwad,France,29
Tilda,Gent,Sweden,95
Nola,Rowe,France,70
Sadye,Dumbare,France,30
Care,Biagi,Sweden,92
Randolf,Polleye,France,79
Serge,Staden,Sweden,59
Saundra,Leverich,France,78
Linn,Szwandt,France,100
Todd,Cosins,Portugal,51
Gabrielle,Jewett,Portugal,31
Hillard,Chatel,Portugal,73
Tabbi,Grahlmans,Portugal,64
Farand,Sondon,Sweden,82
Euphemia,Tadgell,Slovenia,82
Heywood,Delmonti,Portugal,59
Clarice,Emmines,France,59
Brice,Frayling,Germany,65
Letti,Mabe,Portugal,72
Heloise,Cutmare,France,30
D'arcy,McGray,France,71
Corry,Marsh,France,22
Alexine,Caren,Portugal,27
Charline,Scyone,France,81
Odessa,Prestedge,Netherlands,96
Loretta,Bartolacci,Portugal,27
Daveta,Garman,Sweden,46
Cosetta,Mottershaw,Portugal,42
Ted,Stinchcombe,Portugal,45
Ruperto,Jenkinson,Netherlands,61
Yale,Espasa,France,26
Jilleen,Colwell,France,64
Caresse,Jelphs,Germany,35
Malva,Danielsen,France,66
Minor,Labrow,Portugal,
Janis,Sikora,Portugal,45
Diana,Normavill,France,81
Ynes,Dufoure,Sweden,45
Oralla,Knyvett,Sweden,40
Sasha,Vuitte,Portugal,56
Ulises,Milier,Sweden,52
Eleen,O'Scanlan,France,42
Caz,Beak,Germany,82
Evelyn,Crilly,Sweden,85
Tasha,Laurant,Portugal,95
Lucienne,Dubbin,France,107
Julita,Skrine,Portugal,74
Tania,Dutnall,Germany,63
Kare,Seymer,Portugal,82
Tilly,McCutheon,Sweden,104
Quentin,Otson,Sweden,80
Yancy,Crosby,Sweden,60
Gerrard,Dagon,Sweden,86
Gabriella,Malcolmson,Slovenia,88
Sheila-kathryn,Morbey,Portugal,90
Giffard,Cruce,France,80
Sig,Petrollo,Portugal,47
Tuckie,Dannatt,Portugal,90
Sidney,Kealey,Sweden,79
Jarad,Mordaunt,Portugal,58
Denyse,Forkan,Portugal,80
Georgeta,Farmery,Australia,59
Pietrek,Esbrook,Portugal,93
Giffer,Mowen,Portugal,104
Miriam,Lowey,Portugal,83
Ailey,Tween,Portugal,48
Inge,Karlqvist,Portugal,25
Ewart,Feaks,France,88
Nikki,Downse,Portugal,33
Layton,Taunton.,France,104
Georgine,Adelman,Slovenia,92
Edik,Bloan,Sweden,49
Lacey,Hendin,Portugal,89
Alisha,Tottie,Sweden,72
Luis,Dalgarnowch,Portugal,30
Courtney,Woffinden,France,90
Quincey,Vogelein,Portugal,86
Temp,Gillford,Albania,34
Lezley,Brompton,France,38
Yolanda,Romanin,Portugal,44
Merwyn,Corselles,Germany,43
Ambrosio,Tanfield,Sweden,52
Marybelle,Alu,Netherlands,63
Rem,Epsley,Sweden,32
Rorie,Giorgietto,Sweden,46
Elisabetta,Quarrie,Sweden,83
Reynolds,Grube,Germany,102
Natividad,Briton,Sweden,72
Bethina,Morecombe,France,59
Elspeth,Chesson,Portugal,87
Jae,Gerrill,Italy,61
Cesare,Duffie,Sweden,39
Margie,Prangle,Portugal,92
Tedie,Casado,Sweden,71
Carlos,Tallboy,France,79
Horatius,Masurel,Portugal,29
Haslett,Wroath,Sweden,48
Leonora,Hickeringill,Portugal,94
Lin,Ezzell,France,52
Ingamar,McMurty,Slovenia,65
Pincus,Howick,Sweden,82
Davide,Willder,Portugal,69
Tabby,Colston,Sweden,77
Christy,Steuart,Sweden,71
Isabelle,Elden,Albania,42
Kelcy,Gillespey,Portugal,84
Sherman,Gepheart,Albania,80
Ogdon,Bothwell,Australia,82
Lorinda,Kernar,France,39
Mychal,Elman,Sweden,49
Eva,Dudek,Portugal,105
Sharleen,Redholls,France,40
Amelita,Haitlie,Portugal,56
Coriss,Spensly,France,38
Nataniel,Ojeda,France,72
Bard,Humm,Sweden,77
Sinclare,Izzett,Sweden,87
Dilly,Blackden,Portugal,31
Masha,Ennals,Portugal,107
Margaretta,Dunbobbin,Albania,87
Catharina,Kynastone,Netherlands,62
Brig,Spinke,Sweden,90
Cacilia,Shitliffe,Portugal,105
Simone,Edleston,Portugal,100
Desirae,Mariner,France,65
Birch,Franzotto,Sweden,28
Sigismundo,Reedie,Portugal,65
Jereme,Janauschek,Spain,82
Ted,Horrell,France,32
Pearle,Jurgensen,Moldova,100
Rey,Hasted,Netherlands,100
Law,Colvie,France,32
Weston,Sendley,Portugal,48
Zaccaria,Shawcroft,Portugal,70
